{
	"cdmVersionRange" : ">=5.0.0",
	"PrimaryCriteria" : {
		"CriteriaList" : [
			{
				"ConditionOccurrence" : {
					"CodesetId" : 33,
					"ConditionTypeExclude" : false
				}
			}
		],
		"ObservationWindow" : {
			"PriorDays" : 0,
			"PostDays" : 0
		},
		"PrimaryCriteriaLimit" : {
			"Type" : "All"
		}
	},
	"ConceptSets" : [
		{
			"id" : 16,
			"name" : "procedure code for thyroidectomy",
			"expression" : {
				"items" : [
					{
						"concept" : {
							"CONCEPT_ID" : 4129352,
							"CONCEPT_NAME" : "Bilateral subtotal thyroidectomy",
							"STANDARD_CONCEPT" : "N",
							"STANDARD_CONCEPT_CAPTION" : "Non-Standard",
							"INVALID_REASON" : "U",
							"INVALID_REASON_CAPTION" : "Invalid",
							"CONCEPT_CODE" : "237487006",
							"DOMAIN_ID" : "Procedure",
							"VOCABULARY_ID" : "SNOMED",
							"CONCEPT_CLASS_ID" : "Procedure"
						},
						"isExcluded" : false,
						"includeDescendants" : true,
						"includeMapped" : true
					},
					{
						"concept" : {
							"CONCEPT_ID" : 4175285,
							"CONCEPT_NAME" : "Complete laryngectomy with radical neck dissection, synchronous thyroidectomy and synchronous tracheostomy",
							"STANDARD_CONCEPT" : "S",
							"STANDARD_CONCEPT_CAPTION" : "Standard",
							"INVALID_REASON" : "V",
							"INVALID_REASON_CAPTION" : "Valid",
							"CONCEPT_CODE" : "50339005",
							"DOMAIN_ID" : "Procedure",
							"VOCABULARY_ID" : "SNOMED",
							"CONCEPT_CLASS_ID" : "Procedure"
						},
						"isExcluded" : false,
						"includeDescendants" : true,
						"includeMapped" : true
					},
					{
						"concept" : {
							"CONCEPT_ID" : 2000277,
							"CONCEPT_NAME" : "Complete substernal thyroidectomy",
							"STANDARD_CONCEPT" : "N",
							"STANDARD_CONCEPT_CAPTION" : "Non-Standard",
							"INVALID_REASON" : "V",
							"INVALID_REASON_CAPTION" : "Valid",
							"CONCEPT_CODE" : "06.52",
							"DOMAIN_ID" : "Procedure",
							"VOCABULARY_ID" : "ICD9Proc",
							"CONCEPT_CLASS_ID" : "4-dig billing code"
						},
						"isExcluded" : false,
						"includeDescendants" : true,
						"includeMapped" : true
					},
					{
						"concept" : {
							"CONCEPT_ID" : 4216966,
							"CONCEPT_NAME" : "Complete substernal thyroidectomy",
							"STANDARD_CONCEPT" : "N",
							"STANDARD_CONCEPT_CAPTION" : "Non-Standard",
							"INVALID_REASON" : "U",
							"INVALID_REASON_CAPTION" : "Invalid",
							"CONCEPT_CODE" : "81469003",
							"DOMAIN_ID" : "Procedure",
							"VOCABULARY_ID" : "SNOMED",
							"CONCEPT_CLASS_ID" : "Procedure"
						},
						"isExcluded" : false,
						"includeDescendants" : true,
						"includeMapped" : true
					},
					{
						"concept" : {
							"CONCEPT_ID" : 2000273,
							"CONCEPT_NAME" : "Complete thyroidectomy",
							"STANDARD_CONCEPT" : "N",
							"STANDARD_CONCEPT_CAPTION" : "Non-Standard",
							"INVALID_REASON" : "V",
							"INVALID_REASON_CAPTION" : "Valid",
							"CONCEPT_CODE" : "06.4",
							"DOMAIN_ID" : "Procedure",
							"VOCABULARY_ID" : "ICD9Proc",
							"CONCEPT_CLASS_ID" : "3-dig billing code"
						},
						"isExcluded" : false,
						"includeDescendants" : true,
						"includeMapped" : true
					},
					{
						"concept" : {
							"CONCEPT_ID" : 36714495,
							"CONCEPT_NAME" : "Completion thyroidectomy",
							"STANDARD_CONCEPT" : "S",
							"STANDARD_CONCEPT_CAPTION" : "Standard",
							"INVALID_REASON" : "V",
							"INVALID_REASON_CAPTION" : "Valid",
							"CONCEPT_CODE" : "719753008",
							"DOMAIN_ID" : "Procedure",
							"VOCABULARY_ID" : "SNOMED",
							"CONCEPT_CLASS_ID" : "Procedure"
						},
						"isExcluded" : false,
						"includeDescendants" : true,
						"includeMapped" : true
					},
					{
						"concept" : {
							"CONCEPT_ID" : 4093604,
							"CONCEPT_NAME" : "Cricothyroidectomy",
							"STANDARD_CONCEPT" : "S",
							"STANDARD_CONCEPT_CAPTION" : "Standard",
							"INVALID_REASON" : "V",
							"INVALID_REASON_CAPTION" : "Valid",
							"CONCEPT_CODE" : "25871006",
							"DOMAIN_ID" : "Procedure",
							"VOCABULARY_ID" : "SNOMED",
							"CONCEPT_CLASS_ID" : "Procedure"
						},
						"isExcluded" : false,
						"includeDescendants" : true,
						"includeMapped" : true
					},
					{
						"concept" : {
							"CONCEPT_ID" : 46270918,
							"CONCEPT_NAME" : "Endoscopic total thyroidectomy",
							"STANDARD_CONCEPT" : "S",
							"STANDARD_CONCEPT_CAPTION" : "Standard",
							"INVALID_REASON" : "V",
							"INVALID_REASON_CAPTION" : "Valid",
							"CONCEPT_CODE" : "708915006",
							"DOMAIN_ID" : "Procedure",
							"VOCABULARY_ID" : "SNOMED",
							"CONCEPT_CLASS_ID" : "Procedure"
						},
						"isExcluded" : false,
						"includeDescendants" : true,
						"includeMapped" : true
					},
					{
						"concept" : {
							"CONCEPT_ID" : 4099026,
							"CONCEPT_NAME" : "Laryngopharyngoesophagectomy with radical neck dissection and synchronous thyroidectomy",
							"STANDARD_CONCEPT" : "S",
							"STANDARD_CONCEPT_CAPTION" : "Standard",
							"INVALID_REASON" : "V",
							"INVALID_REASON_CAPTION" : "Valid",
							"CONCEPT_CODE" : "27210007",
							"DOMAIN_ID" : "Procedure",
							"VOCABULARY_ID" : "SNOMED",
							"CONCEPT_CLASS_ID" : "Procedure"
						},
						"isExcluded" : false,
						"includeDescendants" : true,
						"includeMapped" : true
					},
					{
						"concept" : {
							"CONCEPT_ID" : 4217357,
							"CONCEPT_NAME" : "Lingual thyroidectomy by submental route",
							"STANDARD_CONCEPT" : "S",
							"STANDARD_CONCEPT_CAPTION" : "Standard",
							"INVALID_REASON" : "V",
							"INVALID_REASON_CAPTION" : "Valid",
							"CONCEPT_CODE" : "71925008",
							"DOMAIN_ID" : "Procedure",
							"VOCABULARY_ID" : "SNOMED",
							"CONCEPT_CLASS_ID" : "Procedure"
						},
						"isExcluded" : false,
						"includeDescendants" : true,
						"includeMapped" : true
					},
					{
						"concept" : {
							"CONCEPT_ID" : 4013043,
							"CONCEPT_NAME" : "Lingual thyroidectomy by transoral route",
							"STANDARD_CONCEPT" : "S",
							"STANDARD_CONCEPT_CAPTION" : "Standard",
							"INVALID_REASON" : "V",
							"INVALID_REASON_CAPTION" : "Valid",
							"CONCEPT_CODE" : "112890006",
							"DOMAIN_ID" : "Procedure",
							"VOCABULARY_ID" : "SNOMED",
							"CONCEPT_CLASS_ID" : "Procedure"
						},
						"isExcluded" : false,
						"includeDescendants" : true,
						"includeMapped" : true
					},
					{
						"concept" : {
							"CONCEPT_ID" : 2000272,
							"CONCEPT_NAME" : "Other partial thyroidectomy",
							"STANDARD_CONCEPT" : "S",
							"STANDARD_CONCEPT_CAPTION" : "Standard",
							"INVALID_REASON" : "V",
							"INVALID_REASON_CAPTION" : "Valid",
							"CONCEPT_CODE" : "06.39",
							"DOMAIN_ID" : "Procedure",
							"VOCABULARY_ID" : "ICD9Proc",
							"CONCEPT_CLASS_ID" : "4-dig billing code"
						},
						"isExcluded" : false,
						"includeDescendants" : true,
						"includeMapped" : true
					},
					{
						"concept" : {
							"CONCEPT_ID" : 2000270,
							"CONCEPT_NAME" : "Other partial thyroidectomy",
							"STANDARD_CONCEPT" : "S",
							"STANDARD_CONCEPT_CAPTION" : "Standard",
							"INVALID_REASON" : "V",
							"INVALID_REASON_CAPTION" : "Valid",
							"CONCEPT_CODE" : "06.3",
							"DOMAIN_ID" : "Procedure",
							"VOCABULARY_ID" : "ICD9Proc",
							"CONCEPT_CLASS_ID" : "3-dig nonbill code"
						},
						"isExcluded" : false,
						"includeDescendants" : true,
						"includeMapped" : true
					},
					{
						"concept" : {
							"CONCEPT_ID" : 4067007,
							"CONCEPT_NAME" : "Other specified thyroidectomy",
							"STANDARD_CONCEPT" : "N",
							"STANDARD_CONCEPT_CAPTION" : "Non-Standard",
							"INVALID_REASON" : "U",
							"INVALID_REASON_CAPTION" : "Invalid",
							"CONCEPT_CODE" : "171974008",
							"DOMAIN_ID" : "Procedure",
							"VOCABULARY_ID" : "SNOMED",
							"CONCEPT_CLASS_ID" : "Procedure"
						},
						"isExcluded" : false,
						"includeDescendants" : true,
						"includeMapped" : true
					},
					{
						"concept" : {
							"CONCEPT_ID" : 2000276,
							"CONCEPT_NAME" : "Partial substernal thyroidectomy",
							"STANDARD_CONCEPT" : "N",
							"STANDARD_CONCEPT_CAPTION" : "Non-Standard",
							"INVALID_REASON" : "V",
							"INVALID_REASON_CAPTION" : "Valid",
							"CONCEPT_CODE" : "06.51",
							"DOMAIN_ID" : "Procedure",
							"VOCABULARY_ID" : "ICD9Proc",
							"CONCEPT_CLASS_ID" : "4-dig billing code"
						},
						"isExcluded" : false,
						"includeDescendants" : true,
						"includeMapped" : true
					},
					{
						"concept" : {
							"CONCEPT_ID" : 40311391,
							"CONCEPT_NAME" : "Partial substernal thyroidectomy",
							"STANDARD_CONCEPT" : "N",
							"STANDARD_CONCEPT_CAPTION" : "Non-Standard",
							"INVALID_REASON" : "U",
							"INVALID_REASON_CAPTION" : "Invalid",
							"CONCEPT_CODE" : "148780005",
							"DOMAIN_ID" : "Procedure",
							"VOCABULARY_ID" : "SNOMED",
							"CONCEPT_CLASS_ID" : "Procedure"
						},
						"isExcluded" : false,
						"includeDescendants" : true,
						"includeMapped" : true
					},
					{
						"concept" : {
							"CONCEPT_ID" : 4082277,
							"CONCEPT_NAME" : "Partial substernal thyroidectomy",
							"STANDARD_CONCEPT" : "S",
							"STANDARD_CONCEPT_CAPTION" : "Standard",
							"INVALID_REASON" : "V",
							"INVALID_REASON_CAPTION" : "Valid",
							"CONCEPT_CODE" : "24711004",
							"DOMAIN_ID" : "Procedure",
							"VOCABULARY_ID" : "SNOMED",
							"CONCEPT_CLASS_ID" : "Procedure"
						},
						"isExcluded" : false,
						"includeDescendants" : true,
						"includeMapped" : true
					},
					{
						"concept" : {
							"CONCEPT_ID" : 40375121,
							"CONCEPT_NAME" : "Partial substernal thyroidectomy",
							"STANDARD_CONCEPT" : "N",
							"STANDARD_CONCEPT_CAPTION" : "Non-Standard",
							"INVALID_REASON" : "U",
							"INVALID_REASON_CAPTION" : "Invalid",
							"CONCEPT_CODE" : "287262000",
							"DOMAIN_ID" : "Procedure",
							"VOCABULARY_ID" : "SNOMED",
							"CONCEPT_CLASS_ID" : "Procedure"
						},
						"isExcluded" : false,
						"includeDescendants" : true,
						"includeMapped" : true
					},
					{
						"concept" : {
							"CONCEPT_ID" : 40508962,
							"CONCEPT_NAME" : "Partial thyroidectomy",
							"STANDARD_CONCEPT" : "N",
							"STANDARD_CONCEPT_CAPTION" : "Non-Standard",
							"INVALID_REASON" : "U",
							"INVALID_REASON_CAPTION" : "Invalid",
							"CONCEPT_CODE" : "302339008",
							"DOMAIN_ID" : "Procedure",
							"VOCABULARY_ID" : "SNOMED",
							"CONCEPT_CLASS_ID" : "Procedure"
						},
						"isExcluded" : false,
						"includeDescendants" : true,
						"includeMapped" : true
					},
					{
						"concept" : {
							"CONCEPT_ID" : 40311389,
							"CONCEPT_NAME" : "Partial thyroidectomy",
							"STANDARD_CONCEPT" : "N",
							"STANDARD_CONCEPT_CAPTION" : "Non-Standard",
							"INVALID_REASON" : "U",
							"INVALID_REASON_CAPTION" : "Invalid",
							"CONCEPT_CODE" : "148778004",
							"DOMAIN_ID" : "Procedure",
							"VOCABULARY_ID" : "SNOMED",
							"CONCEPT_CLASS_ID" : "Procedure"
						},
						"isExcluded" : false,
						"includeDescendants" : true,
						"includeMapped" : true
					},
					{
						"concept" : {
							"CONCEPT_ID" : 4067006,
							"CONCEPT_NAME" : "Partial thyroidectomy NEC",
							"STANDARD_CONCEPT" : "N",
							"STANDARD_CONCEPT_CAPTION" : "Non-Standard",
							"INVALID_REASON" : "U",
							"INVALID_REASON_CAPTION" : "Invalid",
							"CONCEPT_CODE" : "171972007",
							"DOMAIN_ID" : "Procedure",
							"VOCABULARY_ID" : "SNOMED",
							"CONCEPT_CLASS_ID" : "Procedure"
						},
						"isExcluded" : false,
						"includeDescendants" : true,
						"includeMapped" : true
					},
					{
						"concept" : {
							"CONCEPT_ID" : 40619534,
							"CONCEPT_NAME" : "Radical laryngopharyngectomy with synchronous thyroidectomy",
							"STANDARD_CONCEPT" : "N",
							"STANDARD_CONCEPT_CAPTION" : "Non-Standard",
							"INVALID_REASON" : "U",
							"INVALID_REASON_CAPTION" : "Invalid",
							"CONCEPT_CODE" : "69642001",
							"DOMAIN_ID" : "Procedure",
							"VOCABULARY_ID" : "SNOMED",
							"CONCEPT_CLASS_ID" : "Procedure"
						},
						"isExcluded" : false,
						"includeDescendants" : true,
						"includeMapped" : true
					},
					{
						"concept" : {
							"CONCEPT_ID" : 4235006,
							"CONCEPT_NAME" : "Radical laryngopharyngectomy with synchronous thyroidectomy",
							"STANDARD_CONCEPT" : "S",
							"STANDARD_CONCEPT_CAPTION" : "Standard",
							"INVALID_REASON" : "V",
							"INVALID_REASON_CAPTION" : "Valid",
							"CONCEPT_CODE" : "359884005",
							"DOMAIN_ID" : "Procedure",
							"VOCABULARY_ID" : "SNOMED",
							"CONCEPT_CLASS_ID" : "Procedure"
						},
						"isExcluded" : false,
						"includeDescendants" : true,
						"includeMapped" : true
					},
					{
						"concept" : {
							"CONCEPT_ID" : 37016842,
							"CONCEPT_NAME" : "Revision thyroidectomy",
							"STANDARD_CONCEPT" : "S",
							"STANDARD_CONCEPT_CAPTION" : "Standard",
							"INVALID_REASON" : "V",
							"INVALID_REASON_CAPTION" : "Valid",
							"CONCEPT_CODE" : "712978001",
							"DOMAIN_ID" : "Procedure",
							"VOCABULARY_ID" : "SNOMED",
							"CONCEPT_CLASS_ID" : "Procedure"
						},
						"isExcluded" : false,
						"includeDescendants" : true,
						"includeMapped" : true
					},
					{
						"concept" : {
							"CONCEPT_ID" : 4298582,
							"CONCEPT_NAME" : "Secondary thyroidectomy",
							"STANDARD_CONCEPT" : "N",
							"STANDARD_CONCEPT_CAPTION" : "Non-Standard",
							"INVALID_REASON" : "U",
							"INVALID_REASON_CAPTION" : "Invalid",
							"CONCEPT_CODE" : "76980000",
							"DOMAIN_ID" : "Procedure",
							"VOCABULARY_ID" : "SNOMED",
							"CONCEPT_CLASS_ID" : "Procedure"
						},
						"isExcluded" : false,
						"includeDescendants" : true,
						"includeMapped" : true
					},
					{
						"concept" : {
							"CONCEPT_ID" : 2000274,
							"CONCEPT_NAME" : "Substernal thyroidectomy",
							"STANDARD_CONCEPT" : "N",
							"STANDARD_CONCEPT_CAPTION" : "Non-Standard",
							"INVALID_REASON" : "V",
							"INVALID_REASON_CAPTION" : "Valid",
							"CONCEPT_CODE" : "06.5",
							"DOMAIN_ID" : "Procedure",
							"VOCABULARY_ID" : "ICD9Proc",
							"CONCEPT_CLASS_ID" : "3-dig nonbill code"
						},
						"isExcluded" : false,
						"includeDescendants" : true,
						"includeMapped" : true
					},
					{
						"concept" : {
							"CONCEPT_ID" : 4200221,
							"CONCEPT_NAME" : "Substernal thyroidectomy",
							"STANDARD_CONCEPT" : "S",
							"STANDARD_CONCEPT_CAPTION" : "Standard",
							"INVALID_REASON" : "V",
							"INVALID_REASON_CAPTION" : "Valid",
							"CONCEPT_CODE" : "52826006",
							"DOMAIN_ID" : "Procedure",
							"VOCABULARY_ID" : "SNOMED",
							"CONCEPT_CLASS_ID" : "Procedure"
						},
						"isExcluded" : false,
						"includeDescendants" : true,
						"includeMapped" : true
					},
					{
						"concept" : {
							"CONCEPT_ID" : 4242716,
							"CONCEPT_NAME" : "Substernal thyroidectomy by cervical approach",
							"STANDARD_CONCEPT" : "S",
							"STANDARD_CONCEPT_CAPTION" : "Standard",
							"INVALID_REASON" : "V",
							"INVALID_REASON_CAPTION" : "Valid",
							"CONCEPT_CODE" : "37945000",
							"DOMAIN_ID" : "Procedure",
							"VOCABULARY_ID" : "SNOMED",
							"CONCEPT_CLASS_ID" : "Procedure"
						},
						"isExcluded" : false,
						"includeDescendants" : true,
						"includeMapped" : true
					},
					{
						"concept" : {
							"CONCEPT_ID" : 4195723,
							"CONCEPT_NAME" : "Substernal thyroidectomy by sternal split approach",
							"STANDARD_CONCEPT" : "S",
							"STANDARD_CONCEPT_CAPTION" : "Standard",
							"INVALID_REASON" : "V",
							"INVALID_REASON_CAPTION" : "Valid",
							"CONCEPT_CODE" : "79443002",
							"DOMAIN_ID" : "Procedure",
							"VOCABULARY_ID" : "SNOMED",
							"CONCEPT_CLASS_ID" : "Procedure"
						},
						"isExcluded" : false,
						"includeDescendants" : true,
						"includeMapped" : true
					},
					{
						"concept" : {
							"CONCEPT_ID" : 4071594,
							"CONCEPT_NAME" : "Substernal thyroidectomy by transthoracic approach",
							"STANDARD_CONCEPT" : "S",
							"STANDARD_CONCEPT_CAPTION" : "Standard",
							"INVALID_REASON" : "V",
							"INVALID_REASON_CAPTION" : "Valid",
							"CONCEPT_CODE" : "20621008",
							"DOMAIN_ID" : "Procedure",
							"VOCABULARY_ID" : "SNOMED",
							"CONCEPT_CLASS_ID" : "Procedure"
						},
						"isExcluded" : false,
						"includeDescendants" : true,
						"includeMapped" : true
					},
					{
						"concept" : {
							"CONCEPT_ID" : 2000275,
							"CONCEPT_NAME" : "Substernal thyroidectomy, not otherwise specified",
							"STANDARD_CONCEPT" : "N",
							"STANDARD_CONCEPT_CAPTION" : "Non-Standard",
							"INVALID_REASON" : "V",
							"INVALID_REASON_CAPTION" : "Valid",
							"CONCEPT_CODE" : "06.50",
							"DOMAIN_ID" : "Procedure",
							"VOCABULARY_ID" : "ICD9Proc",
							"CONCEPT_CLASS_ID" : "4-dig billing code"
						},
						"isExcluded" : false,
						"includeDescendants" : true,
						"includeMapped" : true
					},
					{
						"concept" : {
							"CONCEPT_ID" : 4149106,
							"CONCEPT_NAME" : "Subtotal thyroidectomy",
							"STANDARD_CONCEPT" : "S",
							"STANDARD_CONCEPT_CAPTION" : "Standard",
							"INVALID_REASON" : "V",
							"INVALID_REASON_CAPTION" : "Valid",
							"CONCEPT_CODE" : "30956003",
							"DOMAIN_ID" : "Procedure",
							"VOCABULARY_ID" : "SNOMED",
							"CONCEPT_CLASS_ID" : "Procedure"
						},
						"isExcluded" : false,
						"includeDescendants" : true,
						"includeMapped" : true
					},
					{
						"concept" : {
							"CONCEPT_ID" : 40334845,
							"CONCEPT_NAME" : "Subtotal thyroidectomy",
							"STANDARD_CONCEPT" : "N",
							"STANDARD_CONCEPT_CAPTION" : "Non-Standard",
							"INVALID_REASON" : "U",
							"INVALID_REASON_CAPTION" : "Invalid",
							"CONCEPT_CODE" : "171970004",
							"DOMAIN_ID" : "Procedure",
							"VOCABULARY_ID" : "SNOMED",
							"CONCEPT_CLASS_ID" : "Procedure"
						},
						"isExcluded" : false,
						"includeDescendants" : true,
						"includeMapped" : true
					},
					{
						"concept" : {
							"CONCEPT_ID" : 40311386,
							"CONCEPT_NAME" : "Thyroidectomy",
							"STANDARD_CONCEPT" : "N",
							"STANDARD_CONCEPT_CAPTION" : "Non-Standard",
							"INVALID_REASON" : "U",
							"INVALID_REASON_CAPTION" : "Invalid",
							"CONCEPT_CODE" : "148775001",
							"DOMAIN_ID" : "Procedure",
							"VOCABULARY_ID" : "SNOMED",
							"CONCEPT_CLASS_ID" : "Procedure"
						},
						"isExcluded" : false,
						"includeDescendants" : true,
						"includeMapped" : true
					},
					{
						"concept" : {
							"CONCEPT_ID" : 4030107,
							"CONCEPT_NAME" : "Thyroidectomy",
							"STANDARD_CONCEPT" : "S",
							"STANDARD_CONCEPT_CAPTION" : "Standard",
							"INVALID_REASON" : "V",
							"INVALID_REASON_CAPTION" : "Valid",
							"CONCEPT_CODE" : "13619001",
							"DOMAIN_ID" : "Procedure",
							"VOCABULARY_ID" : "SNOMED",
							"CONCEPT_CLASS_ID" : "Procedure"
						},
						"isExcluded" : false,
						"includeDescendants" : true,
						"includeMapped" : true
					},
					{
						"concept" : {
							"CONCEPT_ID" : 4066439,
							"CONCEPT_NAME" : "Thyroidectomy NEC",
							"STANDARD_CONCEPT" : "N",
							"STANDARD_CONCEPT_CAPTION" : "Non-Standard",
							"INVALID_REASON" : "U",
							"INVALID_REASON_CAPTION" : "Invalid",
							"CONCEPT_CODE" : "171973002",
							"DOMAIN_ID" : "Procedure",
							"VOCABULARY_ID" : "SNOMED",
							"CONCEPT_CLASS_ID" : "Procedure"
						},
						"isExcluded" : false,
						"includeDescendants" : true,
						"includeMapped" : true
					},
					{
						"concept" : {
							"CONCEPT_ID" : 4066440,
							"CONCEPT_NAME" : "Thyroidectomy NOS",
							"STANDARD_CONCEPT" : "N",
							"STANDARD_CONCEPT_CAPTION" : "Non-Standard",
							"INVALID_REASON" : "U",
							"INVALID_REASON_CAPTION" : "Invalid",
							"CONCEPT_CODE" : "171975009",
							"DOMAIN_ID" : "Procedure",
							"VOCABULARY_ID" : "SNOMED",
							"CONCEPT_CLASS_ID" : "Procedure"
						},
						"isExcluded" : false,
						"includeDescendants" : true,
						"includeMapped" : true
					},
					{
						"concept" : {
							"CONCEPT_ID" : 4194667,
							"CONCEPT_NAME" : "Thyroidectomy of remaining tissue",
							"STANDARD_CONCEPT" : "N",
							"STANDARD_CONCEPT_CAPTION" : "Non-Standard",
							"INVALID_REASON" : "U",
							"INVALID_REASON_CAPTION" : "Invalid",
							"CONCEPT_CODE" : "79185005",
							"DOMAIN_ID" : "Procedure",
							"VOCABULARY_ID" : "SNOMED",
							"CONCEPT_CLASS_ID" : "Procedure"
						},
						"isExcluded" : false,
						"includeDescendants" : true,
						"includeMapped" : true
					},
					{
						"concept" : {
							"CONCEPT_ID" : 4234903,
							"CONCEPT_NAME" : "Thyroidectomy with laryngectomy",
							"STANDARD_CONCEPT" : "S",
							"STANDARD_CONCEPT_CAPTION" : "Standard",
							"INVALID_REASON" : "V",
							"INVALID_REASON_CAPTION" : "Valid",
							"CONCEPT_CODE" : "359882009",
							"DOMAIN_ID" : "Procedure",
							"VOCABULARY_ID" : "SNOMED",
							"CONCEPT_CLASS_ID" : "Procedure"
						},
						"isExcluded" : false,
						"includeDescendants" : true,
						"includeMapped" : true
					},
					{
						"concept" : {
							"CONCEPT_ID" : 4122303,
							"CONCEPT_NAME" : "Total substernal thyroidectomy",
							"STANDARD_CONCEPT" : "S",
							"STANDARD_CONCEPT_CAPTION" : "Standard",
							"INVALID_REASON" : "V",
							"INVALID_REASON_CAPTION" : "Valid",
							"CONCEPT_CODE" : "287261007",
							"DOMAIN_ID" : "Procedure",
							"VOCABULARY_ID" : "SNOMED",
							"CONCEPT_CLASS_ID" : "Procedure"
						},
						"isExcluded" : false,
						"includeDescendants" : true,
						"includeMapped" : true
					},
					{
						"concept" : {
							"CONCEPT_ID" : 40311393,
							"CONCEPT_NAME" : "Total substernal thyroidectomy",
							"STANDARD_CONCEPT" : "N",
							"STANDARD_CONCEPT_CAPTION" : "Non-Standard",
							"INVALID_REASON" : "U",
							"INVALID_REASON_CAPTION" : "Invalid",
							"CONCEPT_CODE" : "148781009",
							"DOMAIN_ID" : "Procedure",
							"VOCABULARY_ID" : "SNOMED",
							"CONCEPT_CLASS_ID" : "Procedure"
						},
						"isExcluded" : false,
						"includeDescendants" : true,
						"includeMapped" : true
					},
					{
						"concept" : {
							"CONCEPT_ID" : 40311390,
							"CONCEPT_NAME" : "Total thyroidectomy",
							"STANDARD_CONCEPT" : "N",
							"STANDARD_CONCEPT_CAPTION" : "Non-Standard",
							"INVALID_REASON" : "U",
							"INVALID_REASON_CAPTION" : "Invalid",
							"CONCEPT_CODE" : "148779007",
							"DOMAIN_ID" : "Procedure",
							"VOCABULARY_ID" : "SNOMED",
							"CONCEPT_CLASS_ID" : "Procedure"
						},
						"isExcluded" : false,
						"includeDescendants" : true,
						"includeMapped" : true
					},
					{
						"concept" : {
							"CONCEPT_ID" : 4073199,
							"CONCEPT_NAME" : "Total thyroidectomy",
							"STANDARD_CONCEPT" : "S",
							"STANDARD_CONCEPT_CAPTION" : "Standard",
							"INVALID_REASON" : "V",
							"INVALID_REASON_CAPTION" : "Valid",
							"CONCEPT_CODE" : "24443003",
							"DOMAIN_ID" : "Procedure",
							"VOCABULARY_ID" : "SNOMED",
							"CONCEPT_CLASS_ID" : "Procedure"
						},
						"isExcluded" : false,
						"includeDescendants" : true,
						"includeMapped" : true
					},
					{
						"concept" : {
							"CONCEPT_ID" : 4030039,
							"CONCEPT_NAME" : "Total thyroidectomy with cervical lymph node dissection",
							"STANDARD_CONCEPT" : "S",
							"STANDARD_CONCEPT_CAPTION" : "Standard",
							"INVALID_REASON" : "V",
							"INVALID_REASON_CAPTION" : "Valid",
							"CONCEPT_CODE" : "237486002",
							"DOMAIN_ID" : "Procedure",
							"VOCABULARY_ID" : "SNOMED",
							"CONCEPT_CLASS_ID" : "Procedure"
						},
						"isExcluded" : false,
						"includeDescendants" : true,
						"includeMapped" : true
					}
				]
			}
		},
		{
			"id" : 17,
			"name" : "parathyroid surgery",
			"expression" : {
				"items" : [
					{
						"concept" : {
							"CONCEPT_ID" : 2000281,
							"CONCEPT_NAME" : "Complete parathyroidectomy",
							"STANDARD_CONCEPT" : "N",
							"STANDARD_CONCEPT_CAPTION" : "Non-Standard",
							"INVALID_REASON" : "V",
							"INVALID_REASON_CAPTION" : "Valid",
							"CONCEPT_CODE" : "06.81",
							"DOMAIN_ID" : "Procedure",
							"VOCABULARY_ID" : "ICD9Proc",
							"CONCEPT_CLASS_ID" : "4-dig billing code"
						},
						"isExcluded" : false,
						"includeDescendants" : true,
						"includeMapped" : true
					},
					{
						"concept" : {
							"CONCEPT_ID" : 4047947,
							"CONCEPT_NAME" : "Complete parathyroidectomy",
							"STANDARD_CONCEPT" : "S",
							"STANDARD_CONCEPT_CAPTION" : "Standard",
							"INVALID_REASON" : "V",
							"INVALID_REASON_CAPTION" : "Valid",
							"CONCEPT_CODE" : "12330002",
							"DOMAIN_ID" : "Procedure",
							"VOCABULARY_ID" : "SNOMED",
							"CONCEPT_CLASS_ID" : "Procedure"
						},
						"isExcluded" : false,
						"includeDescendants" : true,
						"includeMapped" : true
					},
					{
						"concept" : {
							"CONCEPT_ID" : 4171015,
							"CONCEPT_NAME" : "Ectopic parathyroidectomy",
							"STANDARD_CONCEPT" : "S",
							"STANDARD_CONCEPT_CAPTION" : "Standard",
							"INVALID_REASON" : "V",
							"INVALID_REASON_CAPTION" : "Valid",
							"CONCEPT_CODE" : "47477007",
							"DOMAIN_ID" : "Procedure",
							"VOCABULARY_ID" : "SNOMED",
							"CONCEPT_CLASS_ID" : "Procedure"
						},
						"isExcluded" : false,
						"includeDescendants" : true,
						"includeMapped" : true
					},
					{
						"concept" : {
							"CONCEPT_ID" : 4064224,
							"CONCEPT_NAME" : "Global parathyroidectomy NEC",
							"STANDARD_CONCEPT" : "N",
							"STANDARD_CONCEPT_CAPTION" : "Non-Standard",
							"INVALID_REASON" : "U",
							"INVALID_REASON_CAPTION" : "Invalid",
							"CONCEPT_CODE" : "171996002",
							"DOMAIN_ID" : "Procedure",
							"VOCABULARY_ID" : "SNOMED",
							"CONCEPT_CLASS_ID" : "Procedure"
						},
						"isExcluded" : false,
						"includeDescendants" : true,
						"includeMapped" : true
					},
					{
						"concept" : {
							"CONCEPT_ID" : 2000282,
							"CONCEPT_NAME" : "Other parathyroidectomy",
							"STANDARD_CONCEPT" : "S",
							"STANDARD_CONCEPT_CAPTION" : "Standard",
							"INVALID_REASON" : "V",
							"INVALID_REASON_CAPTION" : "Valid",
							"CONCEPT_CODE" : "06.89",
							"DOMAIN_ID" : "Procedure",
							"VOCABULARY_ID" : "ICD9Proc",
							"CONCEPT_CLASS_ID" : "4-dig billing code"
						},
						"isExcluded" : false,
						"includeDescendants" : true,
						"includeMapped" : true
					},
					{
						"concept" : {
							"CONCEPT_ID" : 2000280,
							"CONCEPT_NAME" : "Parathyroidectomy",
							"STANDARD_CONCEPT" : "N",
							"STANDARD_CONCEPT_CAPTION" : "Non-Standard",
							"INVALID_REASON" : "V",
							"INVALID_REASON_CAPTION" : "Valid",
							"CONCEPT_CODE" : "06.8",
							"DOMAIN_ID" : "Procedure",
							"VOCABULARY_ID" : "ICD9Proc",
							"CONCEPT_CLASS_ID" : "3-dig nonbill code"
						},
						"isExcluded" : false,
						"includeDescendants" : true,
						"includeMapped" : true
					},
					{
						"concept" : {
							"CONCEPT_ID" : 4200418,
							"CONCEPT_NAME" : "Parathyroidectomy",
							"STANDARD_CONCEPT" : "S",
							"STANDARD_CONCEPT_CAPTION" : "Standard",
							"INVALID_REASON" : "V",
							"INVALID_REASON_CAPTION" : "Valid",
							"CONCEPT_CODE" : "53304009",
							"DOMAIN_ID" : "Procedure",
							"VOCABULARY_ID" : "SNOMED",
							"CONCEPT_CLASS_ID" : "Procedure"
						},
						"isExcluded" : false,
						"includeDescendants" : true,
						"includeMapped" : true
					},
					{
						"concept" : {
							"CONCEPT_ID" : 4065431,
							"CONCEPT_NAME" : "Parathyroidectomy NEC",
							"STANDARD_CONCEPT" : "N",
							"STANDARD_CONCEPT_CAPTION" : "Non-Standard",
							"INVALID_REASON" : "U",
							"INVALID_REASON_CAPTION" : "Invalid",
							"CONCEPT_CODE" : "171999009",
							"DOMAIN_ID" : "Procedure",
							"VOCABULARY_ID" : "SNOMED",
							"CONCEPT_CLASS_ID" : "Procedure"
						},
						"isExcluded" : false,
						"includeDescendants" : true,
						"includeMapped" : true
					},
					{
						"concept" : {
							"CONCEPT_ID" : 4137941,
							"CONCEPT_NAME" : "Parathyroidectomy with mediastinal exploration by cervical approach",
							"STANDARD_CONCEPT" : "S",
							"STANDARD_CONCEPT_CAPTION" : "Standard",
							"INVALID_REASON" : "V",
							"INVALID_REASON_CAPTION" : "Valid",
							"CONCEPT_CODE" : "32419005",
							"DOMAIN_ID" : "Procedure",
							"VOCABULARY_ID" : "SNOMED",
							"CONCEPT_CLASS_ID" : "Procedure"
						},
						"isExcluded" : false,
						"includeDescendants" : true,
						"includeMapped" : true
					},
					{
						"concept" : {
							"CONCEPT_ID" : 4064395,
							"CONCEPT_NAME" : "Parathyroidectomy with mediastinal exploration by sternal split approach",
							"STANDARD_CONCEPT" : "S",
							"STANDARD_CONCEPT_CAPTION" : "Standard",
							"INVALID_REASON" : "V",
							"INVALID_REASON_CAPTION" : "Valid",
							"CONCEPT_CODE" : "21537002",
							"DOMAIN_ID" : "Procedure",
							"VOCABULARY_ID" : "SNOMED",
							"CONCEPT_CLASS_ID" : "Procedure"
						},
						"isExcluded" : false,
						"includeDescendants" : true,
						"includeMapped" : true
					},
					{
						"concept" : {
							"CONCEPT_ID" : 4272007,
							"CONCEPT_NAME" : "Parathyroidectomy with mediastinal exploration by transthoracic approach",
							"STANDARD_CONCEPT" : "S",
							"STANDARD_CONCEPT_CAPTION" : "Standard",
							"INVALID_REASON" : "V",
							"INVALID_REASON_CAPTION" : "Valid",
							"CONCEPT_CODE" : "63382008",
							"DOMAIN_ID" : "Procedure",
							"VOCABULARY_ID" : "SNOMED",
							"CONCEPT_CLASS_ID" : "Procedure"
						},
						"isExcluded" : false,
						"includeDescendants" : true,
						"includeMapped" : true
					},
					{
						"concept" : {
							"CONCEPT_ID" : 40311405,
							"CONCEPT_NAME" : "Partial parathyroidectomy",
							"STANDARD_CONCEPT" : "N",
							"STANDARD_CONCEPT_CAPTION" : "Non-Standard",
							"INVALID_REASON" : "U",
							"INVALID_REASON_CAPTION" : "Invalid",
							"CONCEPT_CODE" : "148792005",
							"DOMAIN_ID" : "Procedure",
							"VOCABULARY_ID" : "SNOMED",
							"CONCEPT_CLASS_ID" : "Procedure"
						},
						"isExcluded" : false,
						"includeDescendants" : true,
						"includeMapped" : true
					},
					{
						"concept" : {
							"CONCEPT_ID" : 4064225,
							"CONCEPT_NAME" : "Partial parathyroidectomy and parathyroid tissue transposition",
							"STANDARD_CONCEPT" : "S",
							"STANDARD_CONCEPT_CAPTION" : "Standard",
							"INVALID_REASON" : "V",
							"INVALID_REASON_CAPTION" : "Valid",
							"CONCEPT_CODE" : "171997006",
							"DOMAIN_ID" : "Procedure",
							"VOCABULARY_ID" : "SNOMED",
							"CONCEPT_CLASS_ID" : "Procedure"
						},
						"isExcluded" : false,
						"includeDescendants" : true,
						"includeMapped" : true
					},
					{
						"concept" : {
							"CONCEPT_ID" : 4066444,
							"CONCEPT_NAME" : "Partial parathyroidectomy NEC",
							"STANDARD_CONCEPT" : "N",
							"STANDARD_CONCEPT_CAPTION" : "Non-Standard",
							"INVALID_REASON" : "U",
							"INVALID_REASON_CAPTION" : "Invalid",
							"CONCEPT_CODE" : "171998001",
							"DOMAIN_ID" : "Procedure",
							"VOCABULARY_ID" : "SNOMED",
							"CONCEPT_CLASS_ID" : "Procedure"
						},
						"isExcluded" : false,
						"includeDescendants" : true,
						"includeMapped" : true
					},
					{
						"concept" : {
							"CONCEPT_ID" : 4165739,
							"CONCEPT_NAME" : "Subtotal parathyroidectomy",
							"STANDARD_CONCEPT" : "S",
							"STANDARD_CONCEPT_CAPTION" : "Standard",
							"INVALID_REASON" : "V",
							"INVALID_REASON_CAPTION" : "Valid",
							"CONCEPT_CODE" : "41237009",
							"DOMAIN_ID" : "Procedure",
							"VOCABULARY_ID" : "SNOMED",
							"CONCEPT_CLASS_ID" : "Procedure"
						},
						"isExcluded" : false,
						"includeDescendants" : true,
						"includeMapped" : true
					},
					{
						"concept" : {
							"CONCEPT_ID" : 40311406,
							"CONCEPT_NAME" : "Total parathyroidectomy",
							"STANDARD_CONCEPT" : "N",
							"STANDARD_CONCEPT_CAPTION" : "Non-Standard",
							"INVALID_REASON" : "U",
							"INVALID_REASON_CAPTION" : "Invalid",
							"CONCEPT_CODE" : "148793000",
							"DOMAIN_ID" : "Procedure",
							"VOCABULARY_ID" : "SNOMED",
							"CONCEPT_CLASS_ID" : "Procedure"
						},
						"isExcluded" : false,
						"includeDescendants" : true,
						"includeMapped" : true
					},
					{
						"concept" : {
							"CONCEPT_ID" : 4065430,
							"CONCEPT_NAME" : "Total parathyroidectomy and parathyroid tissue transplantation",
							"STANDARD_CONCEPT" : "S",
							"STANDARD_CONCEPT_CAPTION" : "Standard",
							"INVALID_REASON" : "V",
							"INVALID_REASON_CAPTION" : "Valid",
							"CONCEPT_CODE" : "171995003",
							"DOMAIN_ID" : "Procedure",
							"VOCABULARY_ID" : "SNOMED",
							"CONCEPT_CLASS_ID" : "Procedure"
						},
						"isExcluded" : false,
						"includeDescendants" : true,
						"includeMapped" : true
					}
				]
			}
		},
		{
			"id" : 18,
			"name" : "head and neck irradiation",
			"expression" : {
				"items" : [
					{
						"concept" : {
							"CONCEPT_ID" : 4178017,
							"CONCEPT_NAME" : "Radiotherapy to head",
							"STANDARD_CONCEPT" : "S",
							"STANDARD_CONCEPT_CAPTION" : "Standard",
							"INVALID_REASON" : "V",
							"INVALID_REASON_CAPTION" : "Valid",
							"CONCEPT_CODE" : "428412000",
							"DOMAIN_ID" : "Procedure",
							"VOCABULARY_ID" : "SNOMED",
							"CONCEPT_CLASS_ID" : "Procedure"
						},
						"isExcluded" : false,
						"includeDescendants" : true,
						"includeMapped" : true
					},
					{
						"concept" : {
							"CONCEPT_ID" : 4324045,
							"CONCEPT_NAME" : "Radiotherapy to neck",
							"STANDARD_CONCEPT" : "S",
							"STANDARD_CONCEPT_CAPTION" : "Standard",
							"INVALID_REASON" : "V",
							"INVALID_REASON_CAPTION" : "Valid",
							"CONCEPT_CODE" : "428416002",
							"DOMAIN_ID" : "Procedure",
							"VOCABULARY_ID" : "SNOMED",
							"CONCEPT_CLASS_ID" : "Procedure"
						},
						"isExcluded" : false,
						"includeDescendants" : true,
						"includeMapped" : true
					}
				]
			}
		},
		{
			"id" : 22,
			"name" : "Hemodialysis",
			"expression" : {
				"items" : [
					{
						"concept" : {
							"CONCEPT_ID" : 4120120,
							"CONCEPT_NAME" : "Hemodialysis",
							"STANDARD_CONCEPT" : "S",
							"STANDARD_CONCEPT_CAPTION" : "Standard",
							"INVALID_REASON" : "V",
							"INVALID_REASON_CAPTION" : "Valid",
							"CONCEPT_CODE" : "302497006",
							"DOMAIN_ID" : "Procedure",
							"VOCABULARY_ID" : "SNOMED",
							"CONCEPT_CLASS_ID" : "Procedure"
						},
						"isExcluded" : false,
						"includeDescendants" : true,
						"includeMapped" : true
					},
					{
						"concept" : {
							"CONCEPT_ID" : 4324124,
							"CONCEPT_NAME" : "Peritoneal dialysis",
							"STANDARD_CONCEPT" : "S",
							"STANDARD_CONCEPT_CAPTION" : "Standard",
							"INVALID_REASON" : "V",
							"INVALID_REASON_CAPTION" : "Valid",
							"CONCEPT_CODE" : "71192002",
							"DOMAIN_ID" : "Procedure",
							"VOCABULARY_ID" : "SNOMED",
							"CONCEPT_CLASS_ID" : "Procedure"
						},
						"isExcluded" : false,
						"includeDescendants" : true,
						"includeMapped" : true
					}
				]
			}
		},
		{
			"id" : 25,
			"name" : "Chronic kidney disease",
			"expression" : {
				"items" : [
					{
						"concept" : {
							"CONCEPT_ID" : 192359,
							"CONCEPT_NAME" : "Renal failure syndrome",
							"STANDARD_CONCEPT" : "S",
							"STANDARD_CONCEPT_CAPTION" : "Standard",
							"INVALID_REASON" : "V",
							"INVALID_REASON_CAPTION" : "Valid",
							"CONCEPT_CODE" : "42399005",
							"DOMAIN_ID" : "Condition",
							"VOCABULARY_ID" : "SNOMED",
							"CONCEPT_CLASS_ID" : "Clinical Finding"
						},
						"isExcluded" : false,
						"includeDescendants" : true,
						"includeMapped" : true
					},
					{
						"concept" : {
							"CONCEPT_ID" : 432961,
							"CONCEPT_NAME" : "Acute renal papillary necrosis with renal failure",
							"STANDARD_CONCEPT" : "S",
							"STANDARD_CONCEPT_CAPTION" : "Standard",
							"INVALID_REASON" : "V",
							"INVALID_REASON_CAPTION" : "Valid",
							"CONCEPT_CODE" : "298015003",
							"DOMAIN_ID" : "Condition",
							"VOCABULARY_ID" : "SNOMED",
							"CONCEPT_CLASS_ID" : "Clinical Finding"
						},
						"isExcluded" : false,
						"includeDescendants" : true,
						"includeMapped" : true
					},
					{
						"concept" : {
							"CONCEPT_ID" : 4008236,
							"CONCEPT_NAME" : "Absent renal function",
							"STANDARD_CONCEPT" : "S",
							"STANDARD_CONCEPT_CAPTION" : "Standard",
							"INVALID_REASON" : "V",
							"INVALID_REASON_CAPTION" : "Valid",
							"CONCEPT_CODE" : "112066009",
							"DOMAIN_ID" : "Condition",
							"VOCABULARY_ID" : "SNOMED",
							"CONCEPT_CLASS_ID" : "Clinical Finding"
						},
						"isExcluded" : false,
						"includeDescendants" : true,
						"includeMapped" : true
					},
					{
						"concept" : {
							"CONCEPT_ID" : 4261202,
							"CONCEPT_NAME" : "Uremia",
							"STANDARD_CONCEPT" : "S",
							"STANDARD_CONCEPT_CAPTION" : "Standard",
							"INVALID_REASON" : "V",
							"INVALID_REASON_CAPTION" : "Valid",
							"CONCEPT_CODE" : "44730006",
							"DOMAIN_ID" : "Condition",
							"VOCABULARY_ID" : "SNOMED",
							"CONCEPT_CLASS_ID" : "Clinical Finding"
						},
						"isExcluded" : false,
						"includeDescendants" : true,
						"includeMapped" : true
					},
					{
						"concept" : {
							"CONCEPT_ID" : 46271022,
							"CONCEPT_NAME" : "Chronic kidney disease",
							"STANDARD_CONCEPT" : "S",
							"STANDARD_CONCEPT_CAPTION" : "Standard",
							"INVALID_REASON" : "V",
							"INVALID_REASON_CAPTION" : "Valid",
							"CONCEPT_CODE" : "709044004",
							"DOMAIN_ID" : "Condition",
							"VOCABULARY_ID" : "SNOMED",
							"CONCEPT_CLASS_ID" : "Clinical Finding"
						},
						"isExcluded" : false,
						"includeDescendants" : true,
						"includeMapped" : true
					}
				]
			}
		},
		{
			"id" : 26,
			"name" : "neonatal transient",
			"expression" : {
				"items" : [
					{
						"concept" : {
							"CONCEPT_ID" : 4273848,
							"CONCEPT_NAME" : "Neonatal hypoparathyroidism",
							"STANDARD_CONCEPT" : "S",
							"STANDARD_CONCEPT_CAPTION" : "Standard",
							"INVALID_REASON" : "V",
							"INVALID_REASON_CAPTION" : "Valid",
							"CONCEPT_CODE" : "63981007",
							"DOMAIN_ID" : "Condition",
							"VOCABULARY_ID" : "SNOMED",
							"CONCEPT_CLASS_ID" : "Clinical Finding"
						},
						"isExcluded" : false,
						"includeDescendants" : true,
						"includeMapped" : true
					}
				]
			}
		},
		{
			"id" : 27,
			"name" : "Head and neck cancer",
			"expression" : {
				"items" : [
					{
						"concept" : {
							"CONCEPT_ID" : 4092211,
							"CONCEPT_NAME" : "Malignant tumor of glottis",
							"STANDARD_CONCEPT" : "S",
							"STANDARD_CONCEPT_CAPTION" : "Standard",
							"INVALID_REASON" : "V",
							"INVALID_REASON_CAPTION" : "Valid",
							"CONCEPT_CODE" : "187841006",
							"DOMAIN_ID" : "Condition",
							"VOCABULARY_ID" : "SNOMED",
							"CONCEPT_CLASS_ID" : "Clinical Finding"
						},
						"isExcluded" : false,
						"includeDescendants" : true,
						"includeMapped" : true
					},
					{
						"concept" : {
							"CONCEPT_ID" : 4095312,
							"CONCEPT_NAME" : "Malignant tumor of nasopharynx",
							"STANDARD_CONCEPT" : "S",
							"STANDARD_CONCEPT_CAPTION" : "Standard",
							"INVALID_REASON" : "V",
							"INVALID_REASON_CAPTION" : "Valid",
							"CONCEPT_CODE" : "187692001",
							"DOMAIN_ID" : "Condition",
							"VOCABULARY_ID" : "SNOMED",
							"CONCEPT_CLASS_ID" : "Clinical Finding"
						},
						"isExcluded" : false,
						"includeDescendants" : true,
						"includeMapped" : true
					},
					{
						"concept" : {
							"CONCEPT_ID" : 4180784,
							"CONCEPT_NAME" : "Malignant tumor of parotid gland",
							"STANDARD_CONCEPT" : "S",
							"STANDARD_CONCEPT_CAPTION" : "Standard",
							"INVALID_REASON" : "V",
							"INVALID_REASON_CAPTION" : "Valid",
							"CONCEPT_CODE" : "363379000",
							"DOMAIN_ID" : "Condition",
							"VOCABULARY_ID" : "SNOMED",
							"CONCEPT_CLASS_ID" : "Clinical Finding"
						},
						"isExcluded" : false,
						"includeDescendants" : true,
						"includeMapped" : true
					},
					{
						"concept" : {
							"CONCEPT_ID" : 4178976,
							"CONCEPT_NAME" : "Malignant tumor of thyroid gland",
							"STANDARD_CONCEPT" : "S",
							"STANDARD_CONCEPT_CAPTION" : "Standard",
							"INVALID_REASON" : "V",
							"INVALID_REASON_CAPTION" : "Valid",
							"CONCEPT_CODE" : "363478007",
							"DOMAIN_ID" : "Condition",
							"VOCABULARY_ID" : "SNOMED",
							"CONCEPT_CLASS_ID" : "Clinical Finding"
						},
						"isExcluded" : false,
						"includeDescendants" : true,
						"includeMapped" : true
					},
					{
						"concept" : {
							"CONCEPT_ID" : 4177112,
							"CONCEPT_NAME" : "Malignant tumor of trachea",
							"STANDARD_CONCEPT" : "S",
							"STANDARD_CONCEPT_CAPTION" : "Standard",
							"INVALID_REASON" : "V",
							"INVALID_REASON_CAPTION" : "Valid",
							"CONCEPT_CODE" : "363432004",
							"DOMAIN_ID" : "Condition",
							"VOCABULARY_ID" : "SNOMED",
							"CONCEPT_CLASS_ID" : "Clinical Finding"
						},
						"isExcluded" : false,
						"includeDescendants" : true,
						"includeMapped" : true
					},
					{
						"concept" : {
							"CONCEPT_ID" : 4003674,
							"CONCEPT_NAME" : "Primary malignant neoplasm of branchial cleft",
							"STANDARD_CONCEPT" : "S",
							"STANDARD_CONCEPT_CAPTION" : "Standard",
							"INVALID_REASON" : "V",
							"INVALID_REASON_CAPTION" : "Valid",
							"CONCEPT_CODE" : "109834009",
							"DOMAIN_ID" : "Condition",
							"VOCABULARY_ID" : "SNOMED",
							"CONCEPT_CLASS_ID" : "Clinical Finding"
						},
						"isExcluded" : false,
						"includeDescendants" : true,
						"includeMapped" : true
					},
					{
						"concept" : {
							"CONCEPT_ID" : 439746,
							"CONCEPT_NAME" : "Primary malignant neoplasm of hypopharynx",
							"STANDARD_CONCEPT" : "S",
							"STANDARD_CONCEPT_CAPTION" : "Standard",
							"INVALID_REASON" : "V",
							"INVALID_REASON_CAPTION" : "Valid",
							"CONCEPT_CODE" : "93831006",
							"DOMAIN_ID" : "Condition",
							"VOCABULARY_ID" : "SNOMED",
							"CONCEPT_CLASS_ID" : "Clinical Finding"
						},
						"isExcluded" : false,
						"includeDescendants" : true,
						"includeMapped" : true
					},
					{
						"concept" : {
							"CONCEPT_ID" : 26052,
							"CONCEPT_NAME" : "Primary malignant neoplasm of larynx",
							"STANDARD_CONCEPT" : "S",
							"STANDARD_CONCEPT_CAPTION" : "Standard",
							"INVALID_REASON" : "V",
							"INVALID_REASON_CAPTION" : "Valid",
							"CONCEPT_CODE" : "371995001",
							"DOMAIN_ID" : "Condition",
							"VOCABULARY_ID" : "SNOMED",
							"CONCEPT_CLASS_ID" : "Clinical Finding"
						},
						"isExcluded" : false,
						"includeDescendants" : true,
						"includeMapped" : true
					},
					{
						"concept" : {
							"CONCEPT_ID" : 4155171,
							"CONCEPT_NAME" : "Primary malignant neoplasm of lip",
							"STANDARD_CONCEPT" : "S",
							"STANDARD_CONCEPT_CAPTION" : "Standard",
							"INVALID_REASON" : "V",
							"INVALID_REASON_CAPTION" : "Valid",
							"CONCEPT_CODE" : "371996000",
							"DOMAIN_ID" : "Condition",
							"VOCABULARY_ID" : "SNOMED",
							"CONCEPT_CLASS_ID" : "Clinical Finding"
						},
						"isExcluded" : false,
						"includeDescendants" : true,
						"includeMapped" : true
					},
					{
						"concept" : {
							"CONCEPT_ID" : 432833,
							"CONCEPT_NAME" : "Primary malignant neoplasm of oropharynx",
							"STANDARD_CONCEPT" : "S",
							"STANDARD_CONCEPT_CAPTION" : "Standard",
							"INVALID_REASON" : "V",
							"INVALID_REASON_CAPTION" : "Valid",
							"CONCEPT_CODE" : "93933005",
							"DOMAIN_ID" : "Condition",
							"VOCABULARY_ID" : "SNOMED",
							"CONCEPT_CLASS_ID" : "Clinical Finding"
						},
						"isExcluded" : false,
						"includeDescendants" : true,
						"includeMapped" : true
					},
					{
						"concept" : {
							"CONCEPT_ID" : 24296,
							"CONCEPT_NAME" : "Primary malignant neoplasm of pituitary gland",
							"STANDARD_CONCEPT" : "S",
							"STANDARD_CONCEPT_CAPTION" : "Standard",
							"INVALID_REASON" : "V",
							"INVALID_REASON_CAPTION" : "Valid",
							"CONCEPT_CODE" : "93964007",
							"DOMAIN_ID" : "Condition",
							"VOCABULARY_ID" : "SNOMED",
							"CONCEPT_CLASS_ID" : "Clinical Finding"
						},
						"isExcluded" : false,
						"includeDescendants" : true,
						"includeMapped" : true
					},
					{
						"concept" : {
							"CONCEPT_ID" : 437498,
							"CONCEPT_NAME" : "Primary malignant neoplasm of tongue",
							"STANDARD_CONCEPT" : "S",
							"STANDARD_CONCEPT_CAPTION" : "Standard",
							"INVALID_REASON" : "V",
							"INVALID_REASON_CAPTION" : "Valid",
							"CONCEPT_CODE" : "94101009",
							"DOMAIN_ID" : "Condition",
							"VOCABULARY_ID" : "SNOMED",
							"CONCEPT_CLASS_ID" : "Clinical Finding"
						},
						"isExcluded" : false,
						"includeDescendants" : true,
						"includeMapped" : true
					}
				]
			}
		},
		{
			"id" : 28,
			"name" : "Postsurgical hypoparathyroidism",
			"expression" : {
				"items" : [
					{
						"concept" : {
							"CONCEPT_ID" : 4096805,
							"CONCEPT_NAME" : "Post-surgical hypoparathyroidism",
							"STANDARD_CONCEPT" : "S",
							"STANDARD_CONCEPT_CAPTION" : "Standard",
							"INVALID_REASON" : "V",
							"INVALID_REASON_CAPTION" : "Valid",
							"CONCEPT_CODE" : "190455009",
							"DOMAIN_ID" : "Condition",
							"VOCABULARY_ID" : "SNOMED",
							"CONCEPT_CLASS_ID" : "Clinical Finding"
						},
						"isExcluded" : false,
						"includeDescendants" : true,
						"includeMapped" : true
					},
					{
						"concept" : {
							"CONCEPT_ID" : 36715574,
							"CONCEPT_NAME" : "Hypoparathyroidism following procedure",
							"STANDARD_CONCEPT" : "S",
							"STANDARD_CONCEPT_CAPTION" : "Standard",
							"INVALID_REASON" : "V",
							"INVALID_REASON_CAPTION" : "Valid",
							"CONCEPT_CODE" : "721287004",
							"DOMAIN_ID" : "Condition",
							"VOCABULARY_ID" : "SNOMED",
							"CONCEPT_CLASS_ID" : "Clinical Finding"
						},
						"isExcluded" : false,
						"includeDescendants" : true,
						"includeMapped" : true
					}
				]
			}
		},
		{
			"id" : 29,
			"name" : "hypoparathyroidism",
			"expression" : {
				"items" : [
					{
						"concept" : {
							"CONCEPT_ID" : 22856,
							"CONCEPT_NAME" : "Polyglandular dysfunction",
							"STANDARD_CONCEPT" : "S",
							"STANDARD_CONCEPT_CAPTION" : "Standard",
							"INVALID_REASON" : "V",
							"INVALID_REASON_CAPTION" : "Valid",
							"CONCEPT_CODE" : "111546006",
							"DOMAIN_ID" : "Condition",
							"VOCABULARY_ID" : "SNOMED",
							"CONCEPT_CLASS_ID" : "Clinical Finding"
						},
						"isExcluded" : false,
						"includeDescendants" : true,
						"includeMapped" : true
					},
					{
						"concept" : {
							"CONCEPT_ID" : 140362,
							"CONCEPT_NAME" : "Hypoparathyroidism",
							"STANDARD_CONCEPT" : "S",
							"STANDARD_CONCEPT_CAPTION" : "Standard",
							"INVALID_REASON" : "V",
							"INVALID_REASON_CAPTION" : "Valid",
							"CONCEPT_CODE" : "36976004",
							"DOMAIN_ID" : "Condition",
							"VOCABULARY_ID" : "SNOMED",
							"CONCEPT_CLASS_ID" : "Clinical Finding"
						},
						"isExcluded" : false,
						"includeDescendants" : true,
						"includeMapped" : true
					},
					{
						"concept" : {
							"CONCEPT_ID" : 4034972,
							"CONCEPT_NAME" : "Injury of parathyroid gland",
							"STANDARD_CONCEPT" : "S",
							"STANDARD_CONCEPT_CAPTION" : "Standard",
							"INVALID_REASON" : "V",
							"INVALID_REASON_CAPTION" : "Valid",
							"CONCEPT_CODE" : "237660002",
							"DOMAIN_ID" : "Condition",
							"VOCABULARY_ID" : "SNOMED",
							"CONCEPT_CLASS_ID" : "Clinical Finding"
						},
						"isExcluded" : false,
						"includeDescendants" : true,
						"includeMapped" : true
					},
					{
						"concept" : {
							"CONCEPT_ID" : 35624485,
							"CONCEPT_NAME" : "22q11.2 deletion syndrome",
							"STANDARD_CONCEPT" : "S",
							"STANDARD_CONCEPT_CAPTION" : "Standard",
							"INVALID_REASON" : "V",
							"INVALID_REASON_CAPTION" : "Valid",
							"CONCEPT_CODE" : "767263007",
							"DOMAIN_ID" : "Condition",
							"VOCABULARY_ID" : "SNOMED",
							"CONCEPT_CLASS_ID" : "Clinical Finding"
						},
						"isExcluded" : false,
						"includeDescendants" : true,
						"includeMapped" : true
					}
				]
			}
		},
		{
			"id" : 30,
			"name" : "Active Vitamin D",
			"expression" : {
				"items" : [
					{
						"concept" : {
							"CONCEPT_ID" : 19035631,
							"CONCEPT_NAME" : "Calcitriol",
							"STANDARD_CONCEPT" : "S",
							"STANDARD_CONCEPT_CAPTION" : "Standard",
							"INVALID_REASON" : "V",
							"INVALID_REASON_CAPTION" : "Valid",
							"CONCEPT_CODE" : "1894",
							"DOMAIN_ID" : "Drug",
							"VOCABULARY_ID" : "RxNorm",
							"CONCEPT_CLASS_ID" : "Ingredient"
						},
						"isExcluded" : false,
						"includeDescendants" : true,
						"includeMapped" : true
					},
					{
						"concept" : {
							"CONCEPT_ID" : 19014202,
							"CONCEPT_NAME" : "Alfacalcidol",
							"STANDARD_CONCEPT" : "S",
							"STANDARD_CONCEPT_CAPTION" : "Standard",
							"INVALID_REASON" : "V",
							"INVALID_REASON_CAPTION" : "Valid",
							"CONCEPT_CODE" : "12062",
							"DOMAIN_ID" : "Drug",
							"VOCABULARY_ID" : "RxNorm",
							"CONCEPT_CLASS_ID" : "Ingredient"
						},
						"isExcluded" : false,
						"includeDescendants" : true,
						"includeMapped" : true
					}
				]
			}
		},
		{
			"id" : 31,
			"name" : "Chronic kidney disease stage 5",
			"expression" : {
				"items" : [
					{
						"concept" : {
							"CONCEPT_ID" : 443611,
							"CONCEPT_NAME" : "Chronic kidney disease stage 5",
							"STANDARD_CONCEPT" : "S",
							"STANDARD_CONCEPT_CAPTION" : "Standard",
							"INVALID_REASON" : "V",
							"INVALID_REASON_CAPTION" : "Valid",
							"CONCEPT_CODE" : "433146000",
							"DOMAIN_ID" : "Condition",
							"VOCABULARY_ID" : "SNOMED",
							"CONCEPT_CLASS_ID" : "Clinical Finding"
						},
						"isExcluded" : false,
						"includeDescendants" : true,
						"includeMapped" : true
					},
					{
						"concept" : {
							"CONCEPT_ID" : 4120120,
							"CONCEPT_NAME" : "Hemodialysis",
							"STANDARD_CONCEPT" : "S",
							"STANDARD_CONCEPT_CAPTION" : "Standard",
							"INVALID_REASON" : "V",
							"INVALID_REASON_CAPTION" : "Valid",
							"CONCEPT_CODE" : "302497006",
							"DOMAIN_ID" : "Procedure",
							"VOCABULARY_ID" : "SNOMED",
							"CONCEPT_CLASS_ID" : "Procedure"
						},
						"isExcluded" : false,
						"includeDescendants" : true,
						"includeMapped" : true
					},
					{
						"concept" : {
							"CONCEPT_ID" : 4324124,
							"CONCEPT_NAME" : "Peritoneal dialysis",
							"STANDARD_CONCEPT" : "S",
							"STANDARD_CONCEPT_CAPTION" : "Standard",
							"INVALID_REASON" : "V",
							"INVALID_REASON_CAPTION" : "Valid",
							"CONCEPT_CODE" : "71192002",
							"DOMAIN_ID" : "Procedure",
							"VOCABULARY_ID" : "SNOMED",
							"CONCEPT_CLASS_ID" : "Procedure"
						},
						"isExcluded" : false,
						"includeDescendants" : true,
						"includeMapped" : true
					}
				]
			}
		},
		{
			"id" : 32,
			"name" : "levothyroxine",
			"expression" : {
				"items" : [
					{
						"concept" : {
							"CONCEPT_ID" : 1501700,
							"CONCEPT_NAME" : "levothyroxine",
							"STANDARD_CONCEPT" : "S",
							"STANDARD_CONCEPT_CAPTION" : "Standard",
							"INVALID_REASON" : "V",
							"INVALID_REASON_CAPTION" : "Valid",
							"CONCEPT_CODE" : "10582",
							"DOMAIN_ID" : "Drug",
							"VOCABULARY_ID" : "RxNorm",
							"CONCEPT_CLASS_ID" : "Ingredient"
						},
						"isExcluded" : false,
						"includeDescendants" : true,
						"includeMapped" : true
					}
				]
			}
		},
		{
			"id" : 33,
			"name" : "hypoparathyroidism",
			"expression" : {
				"items" : [
					{
						"concept" : {
							"CONCEPT_ID" : 4326738,
							"CONCEPT_NAME" : "Autoimmune hypoparathyroidism",
							"STANDARD_CONCEPT" : "S",
							"STANDARD_CONCEPT_CAPTION" : "Standard",
							"INVALID_REASON" : "V",
							"INVALID_REASON_CAPTION" : "Valid",
							"CONCEPT_CODE" : "75316000",
							"DOMAIN_ID" : "Condition",
							"VOCABULARY_ID" : "SNOMED",
							"CONCEPT_CLASS_ID" : "Clinical Finding"
						},
						"isExcluded" : false,
						"includeDescendants" : true,
						"includeMapped" : true
					},
					{
						"concept" : {
							"CONCEPT_ID" : 37117234,
							"CONCEPT_NAME" : "Familial isolated hypoparathyroidism",
							"STANDARD_CONCEPT" : "S",
							"STANDARD_CONCEPT_CAPTION" : "Standard",
							"INVALID_REASON" : "V",
							"INVALID_REASON_CAPTION" : "Valid",
							"CONCEPT_CODE" : "725036000",
							"DOMAIN_ID" : "Condition",
							"VOCABULARY_ID" : "SNOMED",
							"CONCEPT_CLASS_ID" : "Clinical Finding"
						},
						"isExcluded" : false,
						"includeDescendants" : true,
						"includeMapped" : true
					},
					{
						"concept" : {
							"CONCEPT_ID" : 140362,
							"CONCEPT_NAME" : "Hypoparathyroidism",
							"STANDARD_CONCEPT" : "S",
							"STANDARD_CONCEPT_CAPTION" : "Standard",
							"INVALID_REASON" : "V",
							"INVALID_REASON_CAPTION" : "Valid",
							"CONCEPT_CODE" : "36976004",
							"DOMAIN_ID" : "Condition",
							"VOCABULARY_ID" : "SNOMED",
							"CONCEPT_CLASS_ID" : "Clinical Finding"
						},
						"isExcluded" : false,
						"includeDescendants" : true,
						"includeMapped" : true
					},
					{
						"concept" : {
							"CONCEPT_ID" : 4034971,
							"CONCEPT_NAME" : "Hypoparathyroidism - autosomal dominant",
							"STANDARD_CONCEPT" : "S",
							"STANDARD_CONCEPT_CAPTION" : "Standard",
							"INVALID_REASON" : "V",
							"INVALID_REASON_CAPTION" : "Valid",
							"CONCEPT_CODE" : "237657009",
							"DOMAIN_ID" : "Condition",
							"VOCABULARY_ID" : "SNOMED",
							"CONCEPT_CLASS_ID" : "Clinical Finding"
						},
						"isExcluded" : false,
						"includeDescendants" : true,
						"includeMapped" : true
					},
					{
						"concept" : {
							"CONCEPT_ID" : 4029431,
							"CONCEPT_NAME" : "Hypoparathyroidism - X-linked",
							"STANDARD_CONCEPT" : "S",
							"STANDARD_CONCEPT_CAPTION" : "Standard",
							"INVALID_REASON" : "V",
							"INVALID_REASON_CAPTION" : "Valid",
							"CONCEPT_CODE" : "237655001",
							"DOMAIN_ID" : "Condition",
							"VOCABULARY_ID" : "SNOMED",
							"CONCEPT_CLASS_ID" : "Clinical Finding"
						},
						"isExcluded" : false,
						"includeDescendants" : true,
						"includeMapped" : true
					},
					{
						"concept" : {
							"CONCEPT_ID" : 36713537,
							"CONCEPT_NAME" : "Hypoparathyroidism due to granulomatous disease",
							"STANDARD_CONCEPT" : "S",
							"STANDARD_CONCEPT_CAPTION" : "Standard",
							"INVALID_REASON" : "V",
							"INVALID_REASON_CAPTION" : "Valid",
							"CONCEPT_CODE" : "717904009",
							"DOMAIN_ID" : "Condition",
							"VOCABULARY_ID" : "SNOMED",
							"CONCEPT_CLASS_ID" : "Clinical Finding"
						},
						"isExcluded" : false,
						"includeDescendants" : true,
						"includeMapped" : true
					},
					{
						"concept" : {
							"CONCEPT_ID" : 36717045,
							"CONCEPT_NAME" : "Hypoparathyroidism due to hemochromatosis",
							"STANDARD_CONCEPT" : "S",
							"STANDARD_CONCEPT_CAPTION" : "Standard",
							"INVALID_REASON" : "V",
							"INVALID_REASON_CAPTION" : "Valid",
							"CONCEPT_CODE" : "717901001",
							"DOMAIN_ID" : "Condition",
							"VOCABULARY_ID" : "SNOMED",
							"CONCEPT_CLASS_ID" : "Clinical Finding"
						},
						"isExcluded" : false,
						"includeDescendants" : true,
						"includeMapped" : true
					},
					{
						"concept" : {
							"CONCEPT_ID" : 36713530,
							"CONCEPT_NAME" : "Hypoparathyroidism due to impaired PTH secretion",
							"STANDARD_CONCEPT" : "S",
							"STANDARD_CONCEPT_CAPTION" : "Standard",
							"INVALID_REASON" : "V",
							"INVALID_REASON_CAPTION" : "Valid",
							"CONCEPT_CODE" : "717895004",
							"DOMAIN_ID" : "Condition",
							"VOCABULARY_ID" : "SNOMED",
							"CONCEPT_CLASS_ID" : "Clinical Finding"
						},
						"isExcluded" : false,
						"includeDescendants" : true,
						"includeMapped" : true
					},
					{
						"concept" : {
							"CONCEPT_ID" : 36715574,
							"CONCEPT_NAME" : "Hypoparathyroidism following procedure",
							"STANDARD_CONCEPT" : "S",
							"STANDARD_CONCEPT_CAPTION" : "Standard",
							"INVALID_REASON" : "V",
							"INVALID_REASON_CAPTION" : "Valid",
							"CONCEPT_CODE" : "721287004",
							"DOMAIN_ID" : "Condition",
							"VOCABULARY_ID" : "SNOMED",
							"CONCEPT_CLASS_ID" : "Clinical Finding"
						},
						"isExcluded" : true,
						"includeDescendants" : true,
						"includeMapped" : true
					},
					{
						"concept" : {
							"CONCEPT_ID" : 37119067,
							"CONCEPT_NAME" : "Hypoparathyroidism, deafness, renal disease syndrome",
							"STANDARD_CONCEPT" : "S",
							"STANDARD_CONCEPT_CAPTION" : "Standard",
							"INVALID_REASON" : "V",
							"INVALID_REASON_CAPTION" : "Valid",
							"CONCEPT_CODE" : "724282009",
							"DOMAIN_ID" : "Condition",
							"VOCABULARY_ID" : "SNOMED",
							"CONCEPT_CLASS_ID" : "Clinical Finding"
						},
						"isExcluded" : false,
						"includeDescendants" : true,
						"includeMapped" : true
					},
					{
						"concept" : {
							"CONCEPT_ID" : 4034970,
							"CONCEPT_NAME" : "Idiopathic hypoparathyroidism",
							"STANDARD_CONCEPT" : "S",
							"STANDARD_CONCEPT_CAPTION" : "Standard",
							"INVALID_REASON" : "V",
							"INVALID_REASON_CAPTION" : "Valid",
							"CONCEPT_CODE" : "237654002",
							"DOMAIN_ID" : "Condition",
							"VOCABULARY_ID" : "SNOMED",
							"CONCEPT_CLASS_ID" : "Clinical Finding"
						},
						"isExcluded" : false,
						"includeDescendants" : true,
						"includeMapped" : true
					},
					{
						"concept" : {
							"CONCEPT_ID" : 4233959,
							"CONCEPT_NAME" : "Idiopathic parathyroidism",
							"STANDARD_CONCEPT" : "S",
							"STANDARD_CONCEPT_CAPTION" : "Standard",
							"INVALID_REASON" : "V",
							"INVALID_REASON_CAPTION" : "Valid",
							"CONCEPT_CODE" : "89965003",
							"DOMAIN_ID" : "Condition",
							"VOCABULARY_ID" : "SNOMED",
							"CONCEPT_CLASS_ID" : "Clinical Finding"
						},
						"isExcluded" : false,
						"includeDescendants" : true,
						"includeMapped" : true
					},
					{
						"concept" : {
							"CONCEPT_ID" : 4230194,
							"CONCEPT_NAME" : "Isolated late onset hypoparathyroidism",
							"STANDARD_CONCEPT" : "S",
							"STANDARD_CONCEPT_CAPTION" : "Standard",
							"INVALID_REASON" : "V",
							"INVALID_REASON_CAPTION" : "Valid",
							"CONCEPT_CODE" : "88760006",
							"DOMAIN_ID" : "Condition",
							"VOCABULARY_ID" : "SNOMED",
							"CONCEPT_CLASS_ID" : "Clinical Finding"
						},
						"isExcluded" : false,
						"includeDescendants" : true,
						"includeMapped" : true
					},
					{
						"concept" : {
							"CONCEPT_ID" : 36715413,
							"CONCEPT_NAME" : "Lymphedema hypoparathyroidism syndrome",
							"STANDARD_CONCEPT" : "S",
							"STANDARD_CONCEPT_CAPTION" : "Standard",
							"INVALID_REASON" : "V",
							"INVALID_REASON_CAPTION" : "Valid",
							"CONCEPT_CODE" : "721083007",
							"DOMAIN_ID" : "Condition",
							"VOCABULARY_ID" : "SNOMED",
							"CONCEPT_CLASS_ID" : "Clinical Finding"
						},
						"isExcluded" : false,
						"includeDescendants" : true,
						"includeMapped" : true
					},
					{
						"concept" : {
							"CONCEPT_ID" : 4037501,
							"CONCEPT_NAME" : "Parathyroid hypocalcemic tetany",
							"STANDARD_CONCEPT" : "S",
							"STANDARD_CONCEPT_CAPTION" : "Standard",
							"INVALID_REASON" : "V",
							"INVALID_REASON_CAPTION" : "Valid",
							"CONCEPT_CODE" : "16195001",
							"DOMAIN_ID" : "Condition",
							"VOCABULARY_ID" : "SNOMED",
							"CONCEPT_CLASS_ID" : "Clinical Finding"
						},
						"isExcluded" : false,
						"includeDescendants" : true,
						"includeMapped" : true
					},
					{
						"concept" : {
							"CONCEPT_ID" : 36717646,
							"CONCEPT_NAME" : "Secondary hypoparathyroidism",
							"STANDARD_CONCEPT" : "S",
							"STANDARD_CONCEPT_CAPTION" : "Standard",
							"INVALID_REASON" : "V",
							"INVALID_REASON_CAPTION" : "Valid",
							"CONCEPT_CODE" : "717903003",
							"DOMAIN_ID" : "Condition",
							"VOCABULARY_ID" : "SNOMED",
							"CONCEPT_CLASS_ID" : "Clinical Finding"
						},
						"isExcluded" : true,
						"includeDescendants" : true,
						"includeMapped" : true
					},
					{
						"concept" : {
							"CONCEPT_ID" : 4234872,
							"CONCEPT_NAME" : "Transient hypoparathyroidism",
							"STANDARD_CONCEPT" : "S",
							"STANDARD_CONCEPT_CAPTION" : "Standard",
							"INVALID_REASON" : "V",
							"INVALID_REASON_CAPTION" : "Valid",
							"CONCEPT_CODE" : "359742006",
							"DOMAIN_ID" : "Condition",
							"VOCABULARY_ID" : "SNOMED",
							"CONCEPT_CLASS_ID" : "Clinical Finding"
						},
						"isExcluded" : true,
						"includeDescendants" : true,
						"includeMapped" : true
					}
				]
			}
		}
	],
	"QualifiedLimit" : {
		"Type" : "First"
	},
	"ExpressionLimit" : {
		"Type" : "First"
	},
	"InclusionRules" : [
		{
			"name" : "Diagnosis - Hypoparathyroidism",
			"expression" : {
				"Type" : "ALL",
				"CriteriaList" : [
					{
						"Criteria" : {
							"ConditionOccurrence" : {
								"CodesetId" : 33,
								"ConditionTypeExclude" : false
							}
						},
						"StartWindow" : {
							"Start" : {
								"Days" : 1,
								"Coeff" : -1
							},
							"End" : {
								"Coeff" : 1
							},
							"UseIndexEnd" : false,
							"UseEventEnd" : false
						},
						"RestrictVisit" : false,
						"IgnoreObservationPeriod" : false,
						"Occurrence" : {
							"Type" : 2,
							"Count" : 1,
							"IsDistinct" : false
						}
					}
				],
				"DemographicCriteriaList" : [],
				"Groups" : []
			}
		},
		{
			"name" : "Drug - Active vitamine D",
			"expression" : {
				"Type" : "ALL",
				"CriteriaList" : [
					{
						"Criteria" : {
							"DrugExposure" : {
								"CodesetId" : 30,
								"DrugTypeExclude" : false
							}
						},
						"StartWindow" : {
							"Start" : {
								"Days" : 0,
								"Coeff" : -1
							},
							"End" : {
								"Coeff" : 1
							},
							"UseIndexEnd" : false,
							"UseEventEnd" : false
						},
						"RestrictVisit" : true,
						"IgnoreObservationPeriod" : false,
						"Occurrence" : {
							"Type" : 2,
							"Count" : 1,
							"IsDistinct" : false
						}
					}
				],
				"DemographicCriteriaList" : [],
				"Groups" : []
			}
		},
		{
			"name" : "Exclude -  Primary malignant neoplasm of oropharynx",
			"expression" : {
				"Type" : "AT_MOST",
				"Count" : 0,
				"CriteriaList" : [
					{
						"Criteria" : {
							"ConditionOccurrence" : {
								"CodesetId" : 27,
								"ConditionTypeExclude" : false
							}
						},
						"StartWindow" : {
							"Start" : {
								"Coeff" : -1
							},
							"End" : {
								"Coeff" : 1
							},
							"UseIndexEnd" : false,
							"UseEventEnd" : false
						},
						"RestrictVisit" : false,
						"IgnoreObservationPeriod" : false,
						"Occurrence" : {
							"Type" : 2,
							"Count" : 1,
							"IsDistinct" : false
						}
					}
				],
				"DemographicCriteriaList" : [],
				"Groups" : []
			}
		},
		{
			"name" : "Exclude - Total thyroidectomy",
			"expression" : {
				"Type" : "AT_MOST",
				"Count" : 0,
				"CriteriaList" : [
					{
						"Criteria" : {
							"ProcedureOccurrence" : {
								"CodesetId" : 16,
								"ProcedureTypeExclude" : false
							}
						},
						"StartWindow" : {
							"Start" : {
								"Coeff" : -1
							},
							"End" : {
								"Coeff" : 1
							},
							"UseIndexEnd" : false,
							"UseEventEnd" : false
						},
						"RestrictVisit" : false,
						"IgnoreObservationPeriod" : false,
						"Occurrence" : {
							"Type" : 2,
							"Count" : 1,
							"IsDistinct" : false
						}
					}
				],
				"DemographicCriteriaList" : [],
				"Groups" : []
			}
		},
		{
			"name" : "Exclude - Parathyroidectomy",
			"expression" : {
				"Type" : "AT_MOST",
				"Count" : 0,
				"CriteriaList" : [
					{
						"Criteria" : {
							"ProcedureOccurrence" : {
								"CodesetId" : 17,
								"ProcedureTypeExclude" : false
							}
						},
						"StartWindow" : {
							"Start" : {
								"Coeff" : -1
							},
							"End" : {
								"Coeff" : 1
							},
							"UseIndexEnd" : false,
							"UseEventEnd" : false
						},
						"RestrictVisit" : false,
						"IgnoreObservationPeriod" : false,
						"Occurrence" : {
							"Type" : 2,
							"Count" : 1,
							"IsDistinct" : false
						}
					}
				],
				"DemographicCriteriaList" : [],
				"Groups" : []
			}
		},
		{
			"name" : "Exclude - Radiotherapy to neck",
			"expression" : {
				"Type" : "AT_MOST",
				"Count" : 0,
				"CriteriaList" : [
					{
						"Criteria" : {
							"ProcedureOccurrence" : {
								"CodesetId" : 18,
								"ProcedureTypeExclude" : false
							}
						},
						"StartWindow" : {
							"Start" : {
								"Coeff" : -1
							},
							"End" : {
								"Coeff" : 1
							},
							"UseIndexEnd" : false,
							"UseEventEnd" : false
						},
						"RestrictVisit" : false,
						"IgnoreObservationPeriod" : false,
						"Occurrence" : {
							"Type" : 2,
							"Count" : 1,
							"IsDistinct" : false
						}
					}
				],
				"DemographicCriteriaList" : [],
				"Groups" : []
			}
		},
		{
			"name" : "Exclude - Chronic kidney disease stage 5",
			"expression" : {
				"Type" : "AT_MOST",
				"Count" : 0,
				"CriteriaList" : [
					{
						"Criteria" : {
							"ConditionOccurrence" : {
								"CodesetId" : 31,
								"ConditionTypeExclude" : false
							}
						},
						"StartWindow" : {
							"Start" : {
								"Coeff" : -1
							},
							"End" : {
								"Coeff" : 1
							},
							"UseIndexEnd" : false,
							"UseEventEnd" : false
						},
						"RestrictVisit" : false,
						"IgnoreObservationPeriod" : false,
						"Occurrence" : {
							"Type" : 2,
							"Count" : 1,
							"IsDistinct" : false
						}
					},
					{
						"Criteria" : {
							"ProcedureOccurrence" : {
								"CodesetId" : 22,
								"ProcedureTypeExclude" : false
							}
						},
						"StartWindow" : {
							"Start" : {
								"Coeff" : -1
							},
							"End" : {
								"Coeff" : 1
							},
							"UseIndexEnd" : false,
							"UseEventEnd" : false
						},
						"RestrictVisit" : false,
						"IgnoreObservationPeriod" : false,
						"Occurrence" : {
							"Type" : 2,
							"Count" : 1,
							"IsDistinct" : false
						}
					}
				],
				"DemographicCriteriaList" : [],
				"Groups" : []
			}
		},
		{
			"name" : "Exclude - Post-surgical hypoparathyroidism",
			"expression" : {
				"Type" : "AT_MOST",
				"Count" : 0,
				"CriteriaList" : [
					{
						"Criteria" : {
							"ConditionOccurrence" : {
								"CodesetId" : 28,
								"ConditionTypeExclude" : false
							}
						},
						"StartWindow" : {
							"Start" : {
								"Coeff" : -1
							},
							"End" : {
								"Coeff" : 1
							},
							"UseIndexEnd" : false,
							"UseEventEnd" : false
						},
						"RestrictVisit" : false,
						"IgnoreObservationPeriod" : false,
						"Occurrence" : {
							"Type" : 2,
							"Count" : 1,
							"IsDistinct" : false
						}
					}
				],
				"DemographicCriteriaList" : [],
				"Groups" : []
			}
		},
		{
			"name" : "Exclude - Renal failure syndrome",
			"expression" : {
				"Type" : "AT_MOST",
				"Count" : 0,
				"CriteriaList" : [
					{
						"Criteria" : {
							"ConditionOccurrence" : {
								"CodesetId" : 25,
								"ConditionTypeExclude" : false
							}
						},
						"StartWindow" : {
							"Start" : {
								"Days" : 1095,
								"Coeff" : -1
							},
							"End" : {
								"Days" : 365,
								"Coeff" : 1
							},
							"UseIndexEnd" : false,
							"UseEventEnd" : false
						},
						"RestrictVisit" : false,
						"IgnoreObservationPeriod" : false,
						"Occurrence" : {
							"Type" : 2,
							"Count" : 2,
							"IsDistinct" : false
						}
					}
				],
				"DemographicCriteriaList" : [],
				"Groups" : []
			}
		},
		{
			"name" : "Exclude - neonatal transient",
			"expression" : {
				"Type" : "AT_MOST",
				"Count" : 0,
				"CriteriaList" : [
					{
						"Criteria" : {
							"ProcedureOccurrence" : {
								"CodesetId" : 26,
								"ProcedureTypeExclude" : false,
								"Age" : {
									"Value" : 1,
									"Op" : "lt"
								}
							}
						},
						"StartWindow" : {
							"Start" : {
								"Coeff" : -1
							},
							"End" : {
								"Coeff" : 1
							},
							"UseIndexEnd" : false,
							"UseEventEnd" : false
						},
						"RestrictVisit" : false,
						"IgnoreObservationPeriod" : false,
						"Occurrence" : {
							"Type" : 2,
							"Count" : 1,
							"IsDistinct" : false
						}
					}
				],
				"DemographicCriteriaList" : [],
				"Groups" : []
			}
		},
		{
			"name" : "Exclude - levothyroxine",
			"expression" : {
				"Type" : "ALL",
				"CriteriaList" : [
					{
						"Criteria" : {
							"DrugExposure" : {
								"CodesetId" : 32,
								"DrugTypeExclude" : false
							}
						},
						"StartWindow" : {
							"Start" : {
								"Coeff" : -1
							},
							"End" : {
								"Coeff" : 1
							},
							"UseIndexEnd" : false,
							"UseEventEnd" : false
						},
						"RestrictVisit" : false,
						"IgnoreObservationPeriod" : false,
						"Occurrence" : {
							"Type" : 1,
							"Count" : 0,
							"IsDistinct" : false
						}
					}
				],
				"DemographicCriteriaList" : [],
				"Groups" : []
			}
		}
	],
	"CensoringCriteria" : [],
	"CollapseSettings" : {
		"CollapseType" : "ERA",
		"EraPad" : 0
	},
	"CensorWindow" : {}
}